7.979753017425537109e+00,9.845415115356445312e+00
4.577701091766357422e+00,8.382821083068847656e+00
1.182243919372558594e+01,2.818232536315917969e+00
4.085342884063720703e+00,9.213197708129882812e+00
2.338481426239013672e+00,7.806981086730957031e+00
1.215733432769775391e+01,2.568651676177978516e+00
6.609973430633544922e+00,3.901076078414916992e+00
2.013247251510620117e+00,7.915231704711914062e+00
2.031857728958129883e+00,5.522816658020019531e+00
1.389833545684814453e+01,7.921857833862304688e+00
1.063491153717041016e+01,4.399110317230224609e+00
1.112628173828125000e+01,7.915455818176269531e+00
1.248695182800292969e+01,6.629034042358398438e+00
-1.366863369941711426e+00,3.353715419769287109e+00
-2.530207395553588867e+00,5.235705852508544922e+00
-2.322175264358520508e+00,-7.300260663032531738e-01
-1.013653397560119629e+00,1.020059466361999512e+00
-1.160846829414367676e+00,9.596356749534606934e-01
4.861278533935546875e+00,7.814908504486083984e+00
-1.097847700119018555e+00,4.746703803539276123e-01
-1.713149905204772949e+00,1.867557168006896973e-01
1.201069164276123047e+01,2.296228408813476562e+00
1.186860275268554688e+01,7.176983833312988281e+00
-4.459550857543945312e+00,-1.274628639221191406e-01
-2.318945646286010742e+00,-5.603011846542358398e-01
1.218626213073730469e+01,3.948415517807006836e+00
1.389730167388916016e+01,8.474934577941894531e+00
1.092922401428222656e+01,2.462556362152099609e+00
-1.723408341407775879e+00,-5.324321985244750977e-01
1.195965003967285156e+01,3.493691444396972656e+00
1.304851627349853516e+01,6.278805732727050781e+00
1.005392837524414062e+01,3.048623800277709961e+00
8.501769065856933594e+00,1.028331851959228516e+01
3.396806478500366211e+00,6.085361957550048828e+00
-2.950233936309814453e+00,2.529510498046875000e+00
1.169120788574218750e+01,7.358456134796142578e+00
6.611290454864501953e+00,4.282505989074707031e+00
1.043139553070068359e+01,1.004040718078613281e+01
1.318631362915039062e+01,5.866102218627929688e+00
1.370550632476806641e+01,6.765412330627441406e+00
9.152036666870117188e+00,3.072845697402954102e+00
5.643196105957031250e+00,8.146864891052246094e+00
1.384021186828613281e+01,7.023635387420654297e+00
-3.438057422637939453e+00,1.365746378898620605e+00
3.607425689697265625e-01,3.114933490753173828e+00
9.052023887634277344e+00,3.302098035812377930e+00
9.326967239379882812e+00,7.413389682769775391e+00
-1.903270781040191650e-01,4.148264884948730469e+00
8.304458618164062500e+00,1.037995147705078125e+01
-1.804569602012634277e+00,3.286238670349121094e+00
3.345804691314697266e+00,4.883496284484863281e+00
1.283800601959228516e+00,7.181778430938720703e+00
-2.046171665191650391e+00,2.633656740188598633e+00
-3.403622627258300781e+00,1.502798557281494141e+00
4.703627109527587891e+00,6.098970413208007812e+00
3.630689382553100586e+00,5.345309257507324219e+00
3.805644035339355469e+00,9.735048294067382812e+00
6.605864524841308594e+00,3.891100406646728516e+00
-2.200803756713867188e+00,5.275575160980224609e+00
1.002102375030517578e+01,8.039078712463378906e+00
1.040590763092041016e+01,7.541953086853027344e+00
1.231620025634765625e+01,2.988753318786621094e+00
-2.445806503295898438e+00,8.123253583908081055e-01
-1.057448863983154297e+00,5.520352721214294434e-01
2.264224290847778320e+00,8.236815452575683594e+00
3.279438316822052002e-01,3.466421127319335938e+00
2.768072843551635742e+00,4.825862407684326172e+00
1.007081031799316406e+01,1.004007244110107422e+01
-1.134287595748901367e+00,1.455955266952514648e+00
-4.442265987396240234e+00,3.768242523074150085e-02
1.085874462127685547e+01,4.286427497863769531e+00
2.651578664779663086e+00,8.331239700317382812e+00
9.106473922729492188e+00,2.909075260162353516e+00
3.891889095306396484e+00,8.968501091003417969e+00
6.143944740295410156e+00,5.080523014068603516e+00
7.471043109893798828e+00,4.064461708068847656e+00
6.468712806701660156e+00,8.139729499816894531e+00
1.032524299621582031e+01,2.818496704101562500e+00
-4.630688667297363281e+00,3.673273622989654541e-01
-2.623155355453491211e+00,5.510781764984130859e+00
1.923582434654235840e+00,5.527509689331054688e+00
4.588022232055664062e+00,8.005434989929199219e+00
1.215909481048583984e+01,4.040991783142089844e+00
5.019865512847900391e+00,9.692793846130371094e+00
1.254587364196777344e+01,3.386314153671264648e+00
1.713452100753784180e+00,5.496385574340820312e+00
9.696938991546630859e-01,4.504989147186279297e+00
1.634180307388305664e+00,7.547129631042480469e+00
4.703684329986572266e+00,8.327746391296386719e+00
5.057521343231201172e+00,6.593588829040527344e+00
5.561150074005126953e+00,4.246289730072021484e+00
1.816740989685058594e+00,4.421806812286376953e+00
6.167112350463867188e+00,5.198738098144531250e+00
1.714567899703979492e+00,4.360687255859375000e+00
1.061821746826171875e+01,3.794480085372924805e+00
-1.180589556694030762e+00,3.544799685478210449e-01
-4.430637836456298828e+00,2.832911908626556396e-01
-1.356890439987182617e+00,5.658547878265380859e+00
-5.061672210693359375e+00,1.349069476127624512e+00
7.838315010070800781e+00,9.695581436157226562e+00
-5.254538536071777344e+00,1.115474462509155273e+00
-2.322682619094848633e+00,-6.018827557563781738e-01
-5.168658494949340820e-01,3.818841934204101562e+00
2.647938728332519531e+00,8.606558799743652344e+00
8.808012008666992188e-01,4.545756816864013672e+00
2.162920713424682617e+00,7.368782520294189453e+00
1.826610565185546875e+00,5.777269840240478516e+00
1.081672787666320801e+00,5.848531246185302734e+00
-4.555518627166748047e+00,3.337304890155792236e-01
1.045272254943847656e+01,9.528936386108398438e+00
1.138164138793945312e+01,5.671772480010986328e+00
8.668484687805175781e+00,1.024728488922119141e+01
1.826850891113281250e+00,7.922863483428955078e+00
2.797009706497192383e+00,8.738143920898437500e+00
2.077558279037475586e+00,6.800913810729980469e+00
5.195690155029296875e+00,5.713112831115722656e+00
1.843303442001342773e+00,5.403988838195800781e+00
2.007601261138916016e+00,8.054724693298339844e+00
9.161816596984863281e+00,2.921350240707397461e+00
1.032442283630371094e+01,2.714668750762939453e+00
1.447805976867675781e+01,8.174436569213867188e+00
-5.095017910003662109e+00,1.177868962287902832e+00
-1.746630668640136719e+00,6.536917686462402344e+00
-2.194713354110717773e+00,5.450179576873779297e+00
1.321249103546142578e+01,7.670644283294677734e+00
-9.451087117195129395e-01,7.932350635528564453e-01
1.015467548370361328e+01,2.697056293487548828e+00
-1.444214463233947754e+00,4.995327070355415344e-02
1.330713462829589844e+01,6.259006977081298828e+00
1.347998142242431641e+00,6.364775657653808594e+00
-2.507462739944458008e+00,8.445829749107360840e-01
7.570131778717041016e+00,3.842675685882568359e+00
6.060837268829345703e+00,4.061454772949218750e+00
1.230775356292724609e+01,3.838869810104370117e+00
9.684505462646484375e+00,8.973219871520996094e+00
8.167778968811035156e+00,4.015207290649414062e+00
9.316596984863281250e+00,4.204071521759033203e+00
1.406559228897094727e+00,6.523815631866455078e+00
-4.601218223571777344e+00,-1.240871548652648926e-01
-2.388231039047241211e+00,5.754094600677490234e+00
6.511729717254638672e+00,8.149059295654296875e+00
8.382622718811035156e+00,3.867573499679565430e+00
9.049223899841308594e+00,2.845240116119384766e+00
-3.640219211578369141e+00,1.959766149520874023e+00
1.485557317733764648e+00,4.217172145843505859e+00
1.117569351196289062e+01,7.924282550811767578e+00
-1.107683539390563965e+00,8.436315059661865234e-01
1.212018775939941406e+01,4.121692180633544922e+00
1.263567352294921875e+01,6.347721099853515625e+00
1.255006217956542969e+01,3.134182453155517578e+00
1.194134998321533203e+01,2.193790435791015625e+00
1.226373004913330078e+01,3.942297220230102539e+00
-4.928967475891113281e+00,1.338157892227172852e+00
-2.383446455001831055e+00,3.275915145874023438e+00
4.238587617874145508e-01,3.366123914718627930e+00
2.054710626602172852e+00,6.877503395080566406e+00
4.152920722961425781e+00,9.292682647705078125e+00
4.637478351593017578e+00,6.158122539520263672e+00
9.772566795349121094e+00,9.705667495727539062e+00
6.196428298950195312e+00,5.053508758544921875e+00
8.230772018432617188e+00,1.042040157318115234e+01
-1.995059013366699219e+00,5.211777210235595703e+00
1.179011058807373047e+01,7.249191761016845703e+00
-1.744245886802673340e+00,6.526638507843017578e+00
1.094142341613769531e+01,2.450433492660522461e+00
2.001937866210937500e+00,5.533087730407714844e+00
7.377826690673828125e+00,4.287980079650878906e+00
9.690757751464843750e+00,3.253002643585205078e+00
2.891094446182250977e+00,6.255004405975341797e+00
1.112770795822143555e+00,5.740099906921386719e+00
2.136875867843627930e+00,7.014270305633544922e+00
5.663579463958740234e+00,8.086399078369140625e+00
-4.415598392486572266e+00,2.093744516372680664e+00
3.643733978271484375e+00,5.313513278961181641e+00
9.213205337524414062e+00,3.726810932159423828e+00
1.325875949859619141e+01,5.938150882720947266e+00
-5.073387145996093750e+00,1.387421011924743652e+00
1.358239269256591797e+01,7.949372768402099609e+00
5.772181987762451172e+00,4.186318397521972656e+00
1.390343379974365234e+01,7.961568355560302734e+00
6.370851993560791016e+00,5.109210491180419922e+00
5.744791984558105469e+00,5.292365074157714844e+00
4.096936225891113281e+00,9.126952171325683594e+00
1.382742691040039062e+01,6.842906475067138672e+00
1.345734500885009766e+01,7.634852886199951172e+00
2.680729150772094727e+00,8.646739959716796875e+00
1.196773624420166016e+01,2.265322446823120117e+00
1.125089454650878906e+01,7.817291259765625000e+00
-2.023398876190185547e+00,1.579154133796691895e-01
3.189964056015014648e+00,8.905049324035644531e+00
8.376562118530273438e+00,1.033531379699707031e+01
-2.016296625137329102e+00,6.202904701232910156e+00
1.251991271972656250e+01,3.004684925079345703e+00
3.571311235427856445e+00,4.932232856750488281e+00
2.042558193206787109e+00,6.744538784027099609e+00
1.160499191284179688e+01,5.833319664001464844e+00
5.079655170440673828e+00,6.618509292602539062e+00
1.398318576812744141e+01,7.945691585540771484e+00
2.459990262985229492e+00,8.055597305297851562e+00
9.656909942626953125e+00,7.550203323364257812e+00
5.469260215759277344e+00,5.437400817871093750e+00
9.990451812744140625e+00,8.866664886474609375e+00
-1.764363765716552734e+00,3.111547708511352539e+00
-3.031909465789794922e+00,4.989043235778808594e+00
-2.989869356155395508e+00,5.024653434753417969e+00
6.656971931457519531e+00,5.087903499603271484e+00
4.847350597381591797e+00,6.260677814483642578e+00
1.863280415534973145e+00,6.661081790924072266e+00
9.117839813232421875e+00,7.321086406707763672e+00
5.899775981903076172e+00,8.449688911437988281e+00
4.934547424316406250e+00,9.480160713195800781e+00
7.925077915191650391e+00,9.785096168518066406e+00
9.800198554992675781e+00,9.234033584594726562e+00
-2.311979532241821289e+00,5.619436740875244141e+00
-1.679317951202392578e+00,3.176846265792846680e+00
1.188801956176757812e+01,3.945514440536499023e+00
5.850852966308593750e+00,4.134644031524658203e+00
-3.448344230651855469e+00,1.496825337409973145e+00
-4.474503040313720703e+00,-1.394084841012954712e-01
8.603331565856933594e+00,3.271353721618652344e+00
-2.664578437805175781e+00,1.470941543579101562e+00
9.102296829223632812e+00,4.585629940032958984e+00
-2.177355289459228516e+00,6.133259773254394531e+00
1.005853533744812012e+00,3.849632740020751953e+00
9.728434562683105469e+00,8.763372421264648438e+00
4.811215400695800781e+00,9.117976188659667969e+00
7.797198772430419922e+00,9.701351165771484375e+00
1.269404888153076172e+01,6.632147312164306641e+00
8.085143566131591797e-01,3.963595628738403320e+00
1.170219421386718750e+01,2.694171667098999023e+00
3.132310807704925537e-01,2.738738775253295898e+00
1.410126495361328125e+01,8.403416633605957031e+00
9.988513946533203125e+00,8.839039802551269531e+00
-2.212001800537109375e+00,4.714545905590057373e-01
5.637444019317626953e+00,4.218806743621826172e+00
1.217093753814697266e+01,3.606085062026977539e+00
5.425642967224121094e+00,7.953500270843505859e+00
2.293928384780883789e+00,5.518719196319580078e+00
5.597962379455566406e+00,8.190816879272460938e+00
1.241289496421813965e+00,5.501515865325927734e+00
1.128567790985107422e+01,7.526530265808105469e+00
1.053361225128173828e+01,1.007271385192871094e+01
-2.090981721878051758e+00,1.758575439453125000e+00
7.917223453521728516e+00,9.804063796997070312e+00
-4.927361011505126953e+00,4.114500284194946289e-01
-2.450161218643188477e+00,1.321274399757385254e+00
6.419914245605468750e+00,8.157918930053710938e+00
-1.799346089363098145e+00,3.110416650772094727e+00
1.245242500305175781e+01,3.042148351669311523e+00
1.029779338836669922e+01,2.824110746383666992e+00
-4.817080020904541016e+00,1.682417988777160645e+00
5.990918636322021484e+00,4.165159702301025391e+00
6.510480880737304688e+00,5.129270553588867188e+00
-4.555444717407226562e+00,-1.672023236751556396e-01
3.450437784194946289e+00,5.591253280639648438e+00
6.747754573822021484e+00,3.885644674301147461e+00
7.802286624908447266e+00,4.102370738983154297e+00
1.051211166381835938e+01,4.114337921142578125e+00
-1.517588376998901367e+00,3.326829910278320312e+00
-4.880818843841552734e+00,1.597191452980041504e+00
-5.183659553527832031e+00,2.313582301139831543e-01
1.080084514617919922e+01,3.617718458175659180e+00
4.989767551422119141e+00,5.410058498382568359e+00
8.062684059143066406e+00,4.108544349670410156e+00
9.262825012207031250e+00,4.751193523406982422e+00
6.300514698028564453e+00,4.933797359466552734e+00
4.863770484924316406e+00,8.117958068847656250e+00
-4.361289501190185547e+00,2.248807907104492188e+00
8.065333366394042969e+00,3.409246206283569336e+00
1.406866359710693359e+01,8.450414657592773438e+00
1.059893035888671875e+01,4.104011058807373047e+00
8.189044594764709473e-01,4.545284748077392578e+00
6.448001384735107422e+00,4.515629768371582031e+00
1.226653957366943359e+01,6.989708423614501953e+00
9.802700996398925781e+00,2.891372442245483398e+00
6.670702457427978516e+00,4.151995182037353516e+00
-5.275708198547363281e+00,5.783998966217041016e-01
5.136178970336914062e+00,8.455994606018066406e+00
-5.134373188018798828e+00,2.572039067745208740e-01
-4.782454490661621094e+00,1.837879419326782227e-01
1.241652369499206543e+00,5.793562412261962891e+00
1.210084056854248047e+01,2.571510553359985352e+00
-2.164358615875244141e+00,1.873894214630126953e+00
1.073764896392822266e+01,7.663867950439453125e+00
1.030096912384033203e+01,9.605681419372558594e+00
9.465138435363769531e+00,9.937972068786621094e+00
2.252618074417114258e+00,8.195993423461914062e+00
2.793587923049926758e+00,4.818706512451171875e+00
8.465059280395507812e+00,1.032901954650878906e+01
1.228239631652832031e+01,3.921491146087646484e+00
1.457072353363037109e+01,8.260745048522949219e+00
-1.449734687805175781e+00,3.285918951034545898e+00
9.365856170654296875e+00,4.561402320861816406e+00
2.887455224990844727e-01,4.183541297912597656e+00
-5.116118431091308594e+00,1.126030802726745605e+00
1.418023967742919922e+01,8.381497383117675781e+00
5.056860923767089844e+00,7.528529167175292969e+00
9.531823158264160156e+00,9.995984077453613281e+00
2.047013044357299805e+00,6.769522190093994141e+00
-1.313608169555664062e+00,5.765748023986816406e+00
1.031782436370849609e+01,9.469615936279296875e+00
1.055340480804443359e+01,4.200298786163330078e+00
6.557506322860717773e-01,3.599804162979125977e+00
1.246595478057861328e+01,2.953590869903564453e+00
3.581658840179443359e+00,5.178360462188720703e+00
-2.736443996429443359e+00,1.692958354949951172e+00
-1.831666827201843262e+00,-3.662525415420532227e-01
-2.919088125228881836e+00,5.069235801696777344e+00
2.096361637115478516e+00,5.471657752990722656e+00
-2.532812356948852539e+00,3.173663616180419922e+00
-2.064809560775756836e+00,5.171191692352294922e+00
-1.859305381774902344e+00,3.476412296295166016e-01
1.322119331359863281e+01,5.808144569396972656e+00
3.065912246704101562e+00,8.948360443115234375e+00
1.382597827911376953e+01,8.404451370239257812e+00
4.274194240570068359e-01,3.321929216384887695e+00
2.102108478546142578e+00,4.522031307220458984e+00
9.333215713500976562e+00,1.004125022888183594e+01
5.110012531280517578e+00,5.392551898956298828e+00
3.905753612518310547e+00,4.902364253997802734e+00
1.371604919433593750e+01,7.749854564666748047e+00
4.966606616973876953e+00,9.742821693420410156e+00
1.426710367202758789e+00,7.147590160369873047e+00
-2.669297218322753906e+00,2.914958000183105469e+00
4.787729740142822266e+00,8.053083419799804688e+00
4.819440364837646484e+00,6.164717674255371094e+00
1.114486503601074219e+01,7.758012294769287109e+00
1.384348964691162109e+01,7.029852390289306641e+00
-1.734743475914001465e+00,5.342046737670898438e+00
3.774232864379882812e+00,9.657649040222167969e+00
1.700124382972717285e+00,7.603616237640380859e+00
-1.265025883913040161e-01,4.206044197082519531e+00
1.062545204162597656e+01,4.057608127593994141e+00
1.263437557220458984e+01,6.285489082336425781e+00
8.856649398803710938e+00,4.520978450775146484e+00
3.327774047851562500e+00,5.705370426177978516e+00
1.255044746398925781e+01,3.245857238769531250e+00
-1.185388207435607910e+00,5.956918239593505859e+00
1.589401602745056152e+00,7.435658454895019531e+00
4.439513683319091797e+00,8.034423828125000000e+00
5.678682327270507812e+00,4.221558570861816406e+00
6.262755393981933594e-01,3.708045244216918945e+00
-2.124796867370605469e+00,6.204936504364013672e+00
-2.885525703430175781e+00,1.965714454650878906e+00
1.369967651367187500e+01,6.828503131866455078e+00
1.193964862823486328e+01,3.925828695297241211e+00
9.221148490905761719e-01,5.652321815490722656e+00
-1.974016189575195312e+00,-3.707579076290130615e-01
4.783736705780029297e+00,8.304509162902832031e+00
-2.605312347412109375e+00,2.995966196060180664e+00
1.145535469055175781e+01,2.433776378631591797e+00
4.826721668243408203e+00,9.945100784301757812e+00
-2.140497207641601562e+00,5.257372856140136719e+00
1.919092893600463867e+00,8.018040657043457031e+00
6.010381698608398438e+00,5.471116065979003906e+00
7.957169532775878906e+00,9.801616668701171875e+00
-3.745821714401245117e+00,2.066425323486328125e+00
-2.131637811660766602e+00,6.157100200653076172e+00
9.986017227172851562e+00,8.867101669311523438e+00
3.644493579864501953e+00,9.539967536926269531e+00
4.990584850311279297e+00,8.298911094665527344e+00
8.415452957153320312e+00,3.517106294631958008e+00
-1.155681490898132324e+00,1.571794390678405762e+00
7.201105356216430664e-01,3.693238735198974609e+00
-2.045361042022705078e+00,2.904417037963867188e+00
-1.275369644165039062e+00,1.656906127929687500e+00
1.740633696317672729e-01,2.528823137283325195e+00
1.105234909057617188e+01,2.456623554229736328e+00
1.876043915748596191e+00,5.424177646636962891e+00
8.658452987670898438e+00,3.644756078720092773e+00
4.521541595458984375e+00,6.091800212860107422e+00
1.040527153015136719e+01,2.676518201828002930e+00
3.228334665298461914e+00,9.010143280029296875e+00
1.047251510620117188e+01,9.619425773620605469e+00
-2.358684062957763672e+00,-6.938579678535461426e-01
6.668981075286865234e+00,3.959668397903442383e+00
-5.239021301269531250e+00,1.118698596954345703e+00
-2.128441095352172852e+00,-5.892246365547180176e-01
1.292496681213378906e+01,7.440208435058593750e+00
9.225335121154785156e+00,4.285892009735107422e+00
-5.274158000946044922e+00,7.765079140663146973e-01
9.564585685729980469e+00,3.314786195755004883e+00
6.296079158782958984e+00,5.282224655151367188e+00
3.218168020248413086e-02,2.301800012588500977e+00
1.138413810729980469e+01,5.746658802032470703e+00
9.679727554321289062e+00,8.819999694824218750e+00
1.377403831481933594e+01,8.372540473937988281e+00
1.054979133605957031e+01,1.005356121063232422e+01
1.379968643188476562e+01,6.887590885162353516e+00
4.688742637634277344e+00,5.669175148010253906e+00
-1.167092919349670410e+00,5.891125679016113281e+00
-1.138961911201477051e+00,1.428488969802856445e+00
5.596799850463867188e+00,4.278005599975585938e+00
-3.008102416992187500e+00,5.016059398651123047e+00
1.087772369384765625e+01,8.082010269165039062e+00
2.056020021438598633e+00,4.488990783691406250e+00
-5.264535427093505859e+00,1.080063223838806152e+00
6.430487632751464844e+00,4.294625282287597656e+00
1.143099665641784668e+00,6.335796356201171875e+00
7.119325160980224609e+00,3.803741931915283203e+00
9.645162582397460938e+00,3.134137153625488281e+00
-9.961283206939697266e-01,1.300433516502380371e+00
6.622357368469238281e+00,5.071081638336181641e+00
-1.275023102760314941e+00,1.622857093811035156e+00
-2.233452081680297852e+00,-7.277646660804748535e-01
-4.490951061248779297e+00,-1.680529564619064331e-01
7.672926425933837891e+00,9.682499885559082031e+00
-3.028127908706665039e+00,2.162746906280517578e+00
-4.304223537445068359e+00,5.726268887519836426e-01
-3.720604181289672852e+00,2.017374038696289062e+00
8.331707954406738281e+00,1.034684848785400391e+01
6.637806892395019531e+00,3.894161939620971680e+00
-2.127162456512451172e+00,1.671143293380737305e+00
9.004298210144042969e+00,4.546294212341308594e+00
9.309983253479003906e+00,4.678608894348144531e+00
7.903717160224914551e-01,4.550984382629394531e+00
6.504873752593994141e+00,8.161149978637695312e+00
1.027385234832763672e+01,1.005232048034667969e+01
-5.071731090545654297e+00,1.079656243324279785e+00
9.110748291015625000e+00,7.360465526580810547e+00
-2.402477502822875977e+00,-7.028605937957763672e-01
3.317610025405883789e-01,2.887201309204101562e+00
2.431832790374755859e+00,5.009468078613281250e+00
1.213382625579833984e+01,5.862703800201416016e+00
-2.752351045608520508e+00,1.546213388442993164e+00
1.200300502777099609e+01,2.287059307098388672e+00
1.386970233917236328e+01,7.162761688232421875e+00
8.883746147155761719e+00,3.345443248748779297e+00
-1.876132011413574219e+00,6.468884468078613281e+00
-3.615265607833862305e+00,2.044435501098632812e+00
5.137728214263916016e+00,9.586253166198730469e+00
2.267388820648193359e+00,5.246505737304687500e+00
8.834395408630371094e+00,3.314224004745483398e+00
-1.803357005119323730e+00,6.411086559295654297e+00
-2.023596525192260742e+00,5.195497035980224609e+00
1.255038070678710938e+01,3.187594413757324219e+00
1.201354026794433594e+01,2.301635742187500000e+00
-2.170150518417358398e+00,-6.897456049919128418e-01
4.637553215026855469e+00,9.987369537353515625e+00
-2.161372184753417969e+00,-7.179718017578125000e-01
9.727636337280273438e+00,3.343522548675537109e+00
1.290711021423339844e+01,6.317417621612548828e+00
3.836652934551239014e-01,3.311367273330688477e+00
7.315499186515808105e-01,3.699501514434814453e+00
1.210216903686523438e+01,3.711768627166748047e+00
1.215225982666015625e+01,3.940790891647338867e+00
4.472072601318359375e+00,4.904546260833740234e+00
-2.097908496856689453e+00,3.313821554183959961e+00
2.019549608230590820e+00,8.044949531555175781e+00
-2.624114274978637695e+00,5.427323818206787109e+00
2.930535554885864258e+00,8.848655700683593750e+00
1.273095321655273438e+01,6.997979640960693359e+00
-1.905768156051635742e+00,6.427679538726806641e+00
4.803249359130859375e+00,9.405620574951171875e+00
3.032369613647460938e+00,6.142017841339111328e+00
1.144091129302978516e+01,6.426547527313232422e+00
8.818078041076660156e-02,2.396373510360717773e+00
1.395457172393798828e+01,8.011074066162109375e+00
-3.043666601181030273e+00,2.388517379760742188e+00
9.352204322814941406e+00,2.766625404357910156e+00
-1.993168115615844727e+00,1.983305692672729492e+00
9.570554733276367188e+00,7.593235492706298828e+00
3.135667324066162109e+00,8.932741165161132812e+00
5.953023910522460938e+00,5.401703357696533203e+00
-1.913522481918334961e+00,-4.424329698085784912e-01
1.116443538665771484e+01,7.607451438903808594e+00
3.792534828186035156e+00,9.751626968383789062e+00
-1.659905433654785156e+00,5.437215805053710938e+00
-9.393851757049560547e-01,8.684377074241638184e-01
1.189815616607666016e+01,2.301114320755004883e+00
1.021137523651123047e+01,7.610033512115478516e+00
7.939552783966064453e+00,3.970562934875488281e+00
1.249009799957275391e+01,3.602298736572265625e+00
4.686461448669433594e+00,5.115823268890380859e+00
2.590551614761352539e+00,4.843934059143066406e+00
-2.058234930038452148e+00,6.261618137359619141e+00
7.987881183624267578e+00,9.900274276733398438e+00
1.421275711059570312e+01,8.359292030334472656e+00
4.823863506317138672e+00,7.856643676757812500e+00
7.794385433197021484e+00,9.656437873840332031e+00
9.578578948974609375e+00,3.395208597183227539e+00
-3.543981790542602539e+00,1.488156318664550781e+00
1.032780838012695312e+01,4.112652778625488281e+00
1.418021678924560547e+01,8.267366409301757812e+00
4.367814540863037109e+00,8.085931777954101562e+00
1.013980770111083984e+01,8.234977722167968750e+00
5.603105545043945312e+00,8.216972351074218750e+00
2.875980138778686523e-01,2.707639694213867188e+00
-2.186571836471557617e+00,5.199129104614257812e+00
1.142830848693847656e+01,6.859353542327880859e+00
5.007050514221191406e+00,6.686523914337158203e+00
4.707842350006103516e+00,5.360524654388427734e+00
7.412590026855468750e+00,4.477777957916259766e+00
-2.248829364776611328e+00,5.455713868141174316e-01
8.244089126586914062e+00,3.538235187530517578e+00
-3.615678310394287109e+00,1.176858067512512207e+00
5.600946903228759766e+00,4.339504718780517578e+00
1.362187767028808594e+01,8.278635025024414062e+00
1.031576251983642578e+01,9.694850921630859375e+00
-1.040638685226440430e+00,1.182230234146118164e+00
9.403551101684570312e+00,9.966675758361816406e+00
-1.016397476196289062e+00,5.703089833259582520e-01
6.251796245574951172e+00,4.524355411529541016e+00
9.266809463500976562e+00,4.490675449371337891e+00
9.422725677490234375e+00,3.808897733688354492e+00
9.422384262084960938e+00,3.413408756256103516e+00
9.907861709594726562e+00,7.751345157623291016e+00
9.233789443969726562e+00,4.674753189086914062e+00
1.071516895294189453e+01,7.569786071777343750e+00
1.009388732910156250e+01,2.692493915557861328e+00
6.709208488464355469e+00,3.873425960540771484e+00
4.930066108703613281e+00,8.303935050964355469e+00
6.687037467956542969e+00,3.913783073425292969e+00
3.488343238830566406e+00,5.627924442291259766e+00
-2.807164430618286133e+00,3.072102308273315430e+00
9.542516708374023438e+00,3.518412351608276367e+00
1.883833289146423340e+00,7.772688388824462891e+00
-1.276294589042663574e+00,5.778766155242919922e+00
7.268608808517456055e-01,3.863806724548339844e+00
4.858752727508544922e+00,6.236553668975830078e+00
2.005152702331542969e+00,5.489582061767578125e+00
1.369327545166015625e+01,8.443561553955078125e+00
9.816974639892578125e+00,8.725632667541503906e+00
1.187740612030029297e+01,3.379113197326660156e+00
-2.138212919235229492e+00,5.267668724060058594e+00
4.529911041259765625e+00,5.729043006896972656e+00
-2.098866462707519531e+00,1.744600772857666016e+00
3.282236099243164062e+00,8.949053764343261719e+00
-2.112554073333740234e+00,5.232602596282958984e+00
-2.548437833786010742e+00,-7.342354655265808105e-01
1.131751686334609985e-01,2.426992654800415039e+00
6.321213722229003906e+00,5.069518566131591797e+00
9.796889305114746094e+00,7.537155628204345703e+00
-2.898279905319213867e+00,5.041098117828369141e+00
8.426376342773437500e+00,1.032794475555419922e+01
7.949552059173583984e+00,9.909777641296386719e+00
-4.542066097259521484e+00,1.990867495536804199e+00
1.175468921661376953e+01,2.736470460891723633e+00
8.863231658935546875e+00,3.434742927551269531e+00
1.151153850555419922e+01,5.714796543121337891e+00
-3.886307954788208008e+00,1.943390250205993652e+00
1.031703376770019531e+01,8.750447273254394531e+00
-3.148328065872192383e+00,1.529518246650695801e+00
8.653786659240722656e+00,4.384948253631591797e+00
-2.964710950851440430e+00,2.463275671005249023e+00
7.977784633636474609e+00,9.834587097167968750e+00
6.324203968048095703e+00,8.180554389953613281e+00
4.876875877380371094e+00,8.616706848144531250e+00
5.767089843750000000e+00,4.173826217651367188e+00
-3.512249946594238281e+00,2.144880056381225586e+00
1.324880504608154297e+01,5.949301242828369141e+00
1.453175926208496094e+01,8.218936920166015625e+00
1.200267601013183594e+01,2.554720878601074219e+00
-1.659508943557739258e-01,3.945797204971313477e+00
1.242077708244323730e+00,6.387983798980712891e+00
4.595829486846923828e+00,9.456722259521484375e+00
-2.468328714370727539e+00,3.199402332305908203e+00
-4.977124691009521484e+00,3.855246007442474365e-01
6.359570026397705078e+00,5.277048587799072266e+00
4.927083015441894531e+00,9.250677108764648438e+00
-2.332026004791259766e+00,1.565008640289306641e+00
-4.887098789215087891e+00,1.567917704582214355e+00
-1.908363819122314453e+00,6.194898605346679688e+00
1.174542808532714844e+01,7.282158374786376953e+00
5.407994270324707031e+00,7.826883316040039062e+00
-4.511319637298583984e+00,2.902004122734069824e-01
-1.798248648643493652e+00,-5.274697542190551758e-01
-8.745423555374145508e-01,1.226147770881652832e+00
-3.347965478897094727e+00,1.549364805221557617e+00
9.711892604827880859e-01,5.688870429992675781e+00
6.022665977478027344e+00,4.853733062744140625e+00
-2.034064769744873047e+00,6.230255126953125000e+00
2.162092685699462891e+00,6.947912216186523438e+00
3.599558770656585693e-01,3.208809852600097656e+00
-2.587522983551025391e+00,2.859373331069946289e+00
9.046131134033203125e+00,3.922796010971069336e+00
9.830637931823730469e+00,1.001200675964355469e+01
4.875581264495849609e+00,9.989698410034179688e+00
-4.259284973144531250e+00,2.033189773559570312e+00
2.771036326885223389e-01,3.370927810668945312e+00
1.393947029113769531e+01,8.478899002075195312e+00
1.169031810760498047e+01,2.987616300582885742e+00
-4.506020545959472656e+00,2.030382871627807617e+00
4.534526824951171875e+00,4.745446205139160156e+00
1.046377086639404297e+01,3.597503185272216797e+00
1.142611026763916016e+01,6.872733592987060547e+00
4.821578979492187500e+00,9.512989997863769531e+00
1.398292350769042969e+01,7.532822132110595703e+00
1.170338821411132812e+01,7.320218086242675781e+00
9.181804656982421875e+00,7.258032798767089844e+00
-4.546899318695068359e+00,4.148797988891601562e-01
1.627151966094970703e-01,2.570384979248046875e+00
1.106704139709472656e+01,7.818220138549804688e+00
4.111113071441650391e+00,9.403153419494628906e+00
-2.481529235839843750e+00,1.388898849487304688e+00
2.074532508850097656e+00,4.522589683532714844e+00
-8.987448811531066895e-01,4.005313873291015625e+00
1.420202255249023438e-01,4.282778263092041016e+00
1.312336254119873047e+01,5.895148277282714844e+00
1.113913345336914062e+01,2.444643259048461914e+00
-2.871613025665283203e+00,2.887265443801879883e+00
-1.178696870803833008e+00,3.301483988761901855e-01
3.762489795684814453e+00,5.482079505920410156e+00
5.531584262847900391e+00,8.224761962890625000e+00
-3.030149221420288086e+00,4.991668224334716797e+00
3.619364976882934570e+00,4.896641254425048828e+00
7.467472076416015625e+00,4.156183242797851562e+00
1.418167972564697266e+01,7.845221042633056641e+00
1.022931766510009766e+01,1.004883098602294922e+01
4.499313354492187500e+00,4.775571823120117188e+00
-2.446868419647216797e+00,5.634429931640625000e+00
-5.124475955963134766e+00,2.634744346141815186e-01
-4.970102310180664062e+00,9.650790691375732422e-01
-2.365868330001831055e+00,6.818342804908752441e-01
1.051489162445068359e+01,9.991839408874511719e+00
-2.488418579101562500e+00,5.244538307189941406e+00
8.372573852539062500e+00,1.034070968627929688e+01
3.669207096099853516e+00,9.518093109130859375e+00
1.452819919586181641e+01,8.177637100219726562e+00
-4.976931095123291016e+00,1.090800642967224121e+00
1.325712871551513672e+01,5.938758850097656250e+00
1.031913757324218750e+01,9.369163513183593750e+00
1.416233921051025391e+01,8.335025787353515625e+00
-1.662234783172607422e+00,5.668122768402099609e+00
-3.177799940109252930e+00,1.478526830673217773e+00
3.129702806472778320e-02,3.537222623825073242e+00
-3.031704664230346680e+00,4.989607334136962891e+00
2.065767288208007812e+00,6.865397930145263672e+00
4.854044914245605469e+00,9.988196372985839844e+00
7.850155830383300781e-01,3.805325984954833984e+00
-1.801919102668762207e+00,-4.850024580955505371e-01
7.328829765319824219e+00,9.563751220703125000e+00
-2.215793371200561523e+00,1.650241494178771973e+00
1.449343490600585938e+01,8.220881462097167969e+00
-1.823027849197387695e+00,-2.713643014430999756e-01
1.093006253242492676e+00,5.975786685943603516e+00
4.976194858551025391e+00,9.804492950439453125e+00
-4.615781307220458984e+00,-2.091570347547531128e-01
2.860492944717407227e+00,6.337607383728027344e+00
8.081838607788085938e+00,9.974358558654785156e+00
5.651587963104248047e+00,4.240604400634765625e+00
3.434117078781127930e+00,5.625001907348632812e+00
9.961761474609375000e+00,8.907491683959960938e+00
1.131194591522216797e+01,2.406342267990112305e+00
-1.708090543746948242e+00,2.672424077987670898e+00
1.272847652435302734e+01,6.964878559112548828e+00
-4.076330363750457764e-01,3.730691432952880859e+00
3.609114408493041992e+00,8.968478202819824219e+00
5.313811302185058594e-01,3.388987064361572266e+00
3.253558635711669922e+00,5.555945873260498047e+00
3.415897846221923828e+00,5.842199802398681641e+00
-1.206567406654357910e+00,5.894210338592529297e+00
1.030144596099853516e+01,2.818017482757568359e+00
1.370113945007324219e+01,6.858477115631103516e+00
4.314888000488281250e+00,9.417274475097656250e+00
-1.797094583511352539e+00,-5.436847209930419922e-01
9.079239845275878906e+00,7.340536594390869141e+00
1.384440231323242188e+01,7.375475883483886719e+00
-2.379154205322265625e+00,-5.563045144081115723e-01
1.226887106895446777e+00,4.039952278137207031e+00
4.577296733856201172e+00,1.003495883941650391e+01
8.426907539367675781e+00,1.028171825408935547e+01
1.058447456359863281e+01,1.004678058624267578e+01
1.190313243865966797e+01,3.473084449768066406e+00
5.612708091735839844e+00,8.297782897949218750e+00
1.069162845611572266e+01,1.002470016479492188e+01
1.214579582214355469e+01,5.869153022766113281e+00
1.274035930633544922e+01,6.361618995666503906e+00
1.448387622833251953e+01,8.172539710998535156e+00
1.517897725105285645e+00,4.450683116912841797e+00
-1.069667100906372070e+00,3.477095603942871094e+00
-3.514467239379882812e+00,1.621423006057739258e+00
1.010682201385498047e+01,9.517470359802246094e+00
3.999256372451782227e+00,9.493650436401367188e+00
2.421217858791351318e-01,2.659811258316040039e+00
1.243223285675048828e+01,6.409089088439941406e+00
9.793006896972656250e+00,2.721714735031127930e+00
4.912159442901611328e+00,8.223533630371093750e+00
1.201292395591735840e+00,4.006437301635742188e+00
1.034290122985839844e+01,4.337905883789062500e+00
-4.555531024932861328e+00,-1.673158258199691772e-01
9.209032058715820312e+00,4.720739364624023438e+00
1.321676063537597656e+01,5.956245422363281250e+00
8.586670875549316406e+00,3.422673463821411133e+00
1.186789798736572266e+01,7.270061016082763672e+00
8.897658348083496094e+00,7.436327934265136719e+00
1.073781204223632812e+01,4.261406421661376953e+00
6.433861255645751953e+00,5.148076057434082031e+00
-1.220007419586181641e+00,1.600671648979187012e+00
1.143155860900878906e+01,5.793895244598388672e+00
1.209085369110107422e+01,3.042205810546875000e+00
-1.164485216140747070e+00,1.508277177810668945e+00
1.154617214202880859e+01,5.872557163238525391e+00
1.025216197967529297e+01,9.994783401489257812e+00
1.404333019256591797e+01,8.473026275634765625e+00
1.452428627014160156e+01,8.224838256835937500e+00
-5.200874805450439453e+00,2.985495030879974365e-01
3.775694608688354492e+00,9.716944694519042969e+00
1.252170753479003906e+01,3.113195896148681641e+00
5.233932495117187500e+00,5.498793601989746094e+00
-2.940875768661499023e+00,1.097240686416625977e+00
-1.428285479545593262e+00,3.349861621856689453e+00
3.733633041381835938e+00,4.965920448303222656e+00
7.670380592346191406e+00,3.810617446899414062e+00
1.001304912567138672e+01,9.411858558654785156e+00
9.374917149543762207e-01,5.591004371643066406e+00
-4.490203857421875000e+00,2.110437154769897461e+00
-1.363237977027893066e+00,4.387898147106170654e-01
1.269768619537353516e+01,7.048247814178466797e+00
1.219444942474365234e+01,5.832105636596679688e+00
8.102347373962402344e+00,9.987549781799316406e+00
-5.154041767120361328e+00,1.143986344337463379e+00
-1.840822458267211914e+00,2.453839778900146484e-01
-1.106426596641540527e+00,5.935073375701904297e+00
1.079552078247070312e+01,2.548574924468994141e+00
4.708565235137939453e+00,5.801589488983154297e+00
-4.396110057830810547e+00,2.181132078170776367e+00
-3.091613054275512695e+00,2.480468034744262695e+00
1.388408088684082031e+01,7.444159507751464844e+00
5.228109836578369141e+00,5.460249900817871094e+00
1.203721046447753906e+01,3.684240341186523438e+00
1.013061332702636719e+01,2.891958236694335938e+00
-2.148463010787963867e+00,4.220005869865417480e-01
-2.585399866104125977e+00,1.559269905090332031e+00
1.455784440040588379e+00,7.131608963012695312e+00
1.045079994201660156e+01,9.640889167785644531e+00
1.041838645935058594e+01,7.611805438995361328e+00
-1.886434078216552734e+00,3.690695762634277344e-01
-2.170633077621459961e+00,2.836983203887939453e+00
6.390936851501464844e+00,8.167828559875488281e+00
7.466298341751098633e-01,3.867908000946044922e+00
7.272731065750122070e-01,3.749626874923706055e+00
-8.276324719190597534e-02,4.267981529235839844e+00
-1.725241661071777344e+00,3.071635723114013672e+00
5.038969993591308594e+00,9.497603416442871094e+00
-4.924518585205078125e+00,9.770939946174621582e-01
1.191800022125244141e+01,3.496481418609619141e+00
5.230949401855468750e+00,5.480080127716064453e+00
1.988090991973876953e+00,7.995865345001220703e+00
1.250783157348632812e+01,3.548672914505004883e+00
-1.308664560317993164e+00,5.590865135192871094e+00
1.838408827781677246e+00,7.491366386413574219e+00
-4.660379886627197266e+00,1.889492154121398926e+00
6.961007595062255859e+00,3.866000175476074219e+00
-8.570623397827148438e-01,1.171800732612609863e+00
8.802687644958496094e+00,3.173007726669311523e+00
1.009112071990966797e+01,2.773540973663330078e+00
4.633692741394042969e+00,8.115065574645996094e+00
1.289415264129638672e+01,7.396362781524658203e+00
1.206134223937988281e+01,3.795631408691406250e+00
9.217912673950195312e+00,7.412696838378906250e+00
1.176003742218017578e+01,2.751775026321411133e+00
5.060902595520019531e+00,7.410487651824951172e+00
8.555691719055175781e+00,4.298666000366210938e+00
1.064998054504394531e+01,7.416253089904785156e+00
-1.117990016937255859e+00,4.238884747028350830e-01
-4.693814277648925781e+00,4.828052520751953125e-01
2.705455780029296875e+00,4.816521167755126953e+00
-1.732151985168457031e+00,1.960261940956115723e+00
-3.084779977798461914e+00,2.128631353378295898e+00
6.082581043243408203e+00,5.335716247558593750e+00
-2.151168584823608398e+00,2.738549470901489258e+00
3.742100954055786133e+00,5.663229465484619141e+00
-2.097342252731323242e+00,-3.113539218902587891e-01
1.289376735687255859e+01,7.424650669097900391e+00
9.459728240966796875e+00,7.451820850372314453e+00
1.027053451538085938e+01,2.789495229721069336e+00
1.043530464172363281e+01,1.010005950927734375e+01
1.036050796508789062e+01,2.853036642074584961e+00
-4.433768272399902344e+00,-6.006343662738800049e-02
-2.360888719558715820e+00,-7.075185179710388184e-01
4.891853809356689453e+00,7.898488044738769531e+00
1.265344524383544922e+01,6.300193786621093750e+00
2.567571163177490234e+00,4.770009517669677734e+00
-1.837626218795776367e+00,2.995161056518554688e+00
8.468237876892089844e+00,3.132017850875854492e+00
3.419924497604370117e+00,5.089998245239257812e+00
1.275710964202880859e+01,6.186329841613769531e+00
3.866868972778320312e+00,9.779830932617187500e+00
-2.255970478057861328e+00,1.606963396072387695e+00
8.040234565734863281e+00,4.207779407501220703e+00
5.708348274230957031e+00,4.207287788391113281e+00
3.272109985351562500e+00,4.879405021667480469e+00
3.860528230667114258e+00,9.736589431762695312e+00
1.248733043670654297e+00,6.447379589080810547e+00
2.115854263305664062e+00,8.249286651611328125e+00
8.289458274841308594e+00,3.858376264572143555e+00
-2.245500564575195312e+00,5.177565813064575195e-01
9.934558868408203125e-01,5.700763225555419922e+00
-3.525412321090698242e+00,1.556247949600219727e+00
1.007424354553222656e+00,4.373954296112060547e+00
-3.325996875762939453e+00,2.276863336563110352e+00
9.059619903564453125e+00,3.074244737625122070e+00
-4.901553630828857422e+00,6.757547259330749512e-01
-2.069496870040893555e+00,2.035109758377075195e+00
1.278438210487365723e+00,6.008796215057373047e+00
8.980793952941894531e+00,4.576294422149658203e+00
2.051406621932983398e+00,5.374597072601318359e+00
2.786589145660400391e+00,4.772187232971191406e+00
7.815294742584228516e+00,3.569472551345825195e+00
-5.273357868194580078e+00,1.136523723602294922e+00
6.175586223602294922e+00,4.931060314178466797e+00
1.039019203186035156e+01,9.424616813659667969e+00
9.755948066711425781e+00,7.621350765228271484e+00
1.414989852905273438e+01,8.197395324707031250e+00
-1.402277946472167969e+00,3.327060699462890625e+00
-1.205200314521789551e+00,5.901669502258300781e+00
1.562624454498291016e+00,5.840703964233398438e+00
-4.491505146026611328e+00,-1.047731265425682068e-01
-1.208273768424987793e+00,3.179693222045898438e-01
9.062733650207519531e+00,3.093066692352294922e+00
2.809361696243286133e+00,8.753817558288574219e+00
-2.150469541549682617e+00,5.314882755279541016e+00
9.110422134399414062e+00,7.238419055938720703e+00
-2.683267295360565186e-01,4.204242229461669922e+00
7.728000164031982422e+00,9.707098960876464844e+00
3.607733011245727539e+00,5.563296318054199219e+00
1.371529006958007812e+01,8.390149116516113281e+00
-1.321604967117309570e+00,5.801455497741699219e+00
1.242226481437683105e+00,6.221814632415771484e+00
-1.150797963142395020e+00,7.227110862731933594e-01
1.281047058105468750e+01,7.159754276275634766e+00
-4.846736431121826172e+00,9.538705945014953613e-01
7.771545410156250000e+00,9.711183547973632812e+00
3.328835248947143555e+00,5.992584228515625000e+00
4.650784969329833984e+00,9.994040489196777344e+00
1.756322383880615234e+00,7.979709148406982422e+00
4.723170757293701172e+00,9.955606460571289062e+00
5.904621124267578125e+00,5.498991489410400391e+00
9.521886825561523438e+00,9.284704208374023438e+00
-3.710164785385131836e+00,1.920844197273254395e+00
1.220437335968017578e+01,5.636488914489746094e+00
-2.175111055374145508e+00,-4.379622936248779297e-01
1.052004337310791016e+01,7.526379108428955078e+00
2.579661607742309570e+00,4.831057071685791016e+00
9.481156349182128906e+00,9.569354057312011719e+00
1.250947856903076172e+01,3.742394208908081055e+00
8.102766990661621094e+00,3.442433595657348633e+00
1.236678218841552734e+01,3.788527965545654297e+00
4.945094108581542969e+00,6.346198558807373047e+00
1.141830253601074219e+01,5.775219440460205078e+00
3.707168102264404297e+00,9.494430541992187500e+00
1.096740341186523438e+01,7.645021915435791016e+00
-1.987523078918457031e+00,6.338892459869384766e+00
1.373779869079589844e+01,6.743763923645019531e+00
9.474881172180175781e+00,3.863196372985839844e+00
-2.985998153686523438e+00,5.016926288604736328e+00
1.318480873107910156e+01,6.001587390899658203e+00
1.211534595489501953e+01,3.963071823120117188e+00
1.180332756042480469e+01,7.279527187347412109e+00
1.597965955734252930e+00,5.794704437255859375e+00
8.084652900695800781e+00,1.001831626892089844e+01
-1.711330652236938477e+00,3.142425298690795898e+00
-2.003702640533447266e+00,6.157493591308593750e+00
9.051077842712402344e+00,7.325516223907470703e+00
4.942530155181884766e+00,7.890480995178222656e+00
9.314691543579101562e+00,3.808136224746704102e+00
-5.158667087554931641e+00,2.883261740207672119e-01
9.037086486816406250e+00,7.412054061889648438e+00
5.575602054595947266e+00,5.378954410552978516e+00
5.034934520721435547e+00,6.560571670532226562e+00
1.382960319519042969e+01,7.017788410186767578e+00
-1.385820269584655762e+00,7.655254602432250977e-01
1.198051738739013672e+01,2.271605730056762695e+00
1.840535759925842285e+00,4.394389152526855469e+00
9.443801879882812500e+00,7.409736633300781250e+00
1.381245708465576172e+01,7.778776645660400391e+00
1.173049736022949219e+01,7.184945583343505859e+00
1.254691600799560547e+00,6.586082935333251953e+00
4.911701202392578125e+00,9.935000419616699219e+00
1.047875308990478516e+01,7.545869350433349609e+00
2.669847011566162109e+00,4.855475425720214844e+00
6.627575397491455078e+00,4.022515773773193359e+00
-1.088105559349060059e+00,4.696617722511291504e-01
1.940316557884216309e+00,8.084489822387695312e+00
-1.306700468063354492e+00,5.770768165588378906e+00
9.647581100463867188e+00,9.147266387939453125e+00
3.167059123516082764e-01,2.763607978820800781e+00
1.339690208435058594e+01,7.862327575683593750e+00
1.370992660522460938e+01,7.758449077606201172e+00
1.034725952148437500e+01,1.002842807769775391e+01
1.033977127075195312e+01,9.581623077392578125e+00
3.311527013778686523e+00,5.769438743591308594e+00
9.277012825012207031e+00,2.791549205780029297e+00
2.415423154830932617e+00,8.370509147644042969e+00
1.176127624511718750e+01,3.064000129699707031e+00
3.825099468231201172e+00,9.572378158569335938e+00
-2.238231897354125977e+00,6.009159564971923828e+00
4.183897495269775391e+00,9.281151771545410156e+00
1.283840560913085938e+01,6.391345977783203125e+00
3.678018569946289062e+00,5.155360698699951172e+00
4.863021373748779297e+00,8.093904495239257812e+00
1.035676956176757812e+01,1.005074310302734375e+01
-1.416466712951660156e+00,3.376449108123779297e+00
1.002350997924804688e+01,8.368612289428710938e+00
-1.365614175796508789e+00,1.710776537656784058e-01
5.005522251129150391e+00,6.656011581420898438e+00
9.019956588745117188e+00,4.619821071624755859e+00
-1.878882050514221191e+00,6.460272312164306641e+00
1.183776569366455078e+01,2.868210792541503906e+00
9.266373634338378906e+00,4.490192413330078125e+00
9.979170799255371094e+00,3.991775751113891602e+00
-2.505896091461181641e+00,1.654178023338317871e+00
-2.542819023132324219e+00,5.525357723236083984e+00
8.721843719482421875e+00,3.292060852050781250e+00
9.437767982482910156e+00,4.434401512145996094e+00
7.866418838500976562e+00,3.650930881500244141e+00
1.374114418029785156e+01,8.416296005249023438e+00
9.457572937011718750e+00,1.000757217407226562e+01
2.804728269577026367e+00,8.705395698547363281e+00
5.247678756713867188e+00,7.282385826110839844e+00
-4.396035194396972656e+00,2.143383026123046875e+00
-2.964969635009765625e+00,5.045359611511230469e+00
4.445928573608398438e+00,4.772335529327392578e+00
3.810370683670043945e+00,4.911052703857421875e+00
6.452038764953613281e+00,8.154131889343261719e+00
1.101616573333740234e+01,2.362183094024658203e+00
8.306515693664550781e+00,3.519682407379150391e+00
1.062590217590332031e+01,9.833787918090820312e+00
-2.413758993148803711e+00,7.597858309745788574e-01
1.218705272674560547e+01,2.547989606857299805e+00
1.293043518066406250e+01,7.504208087921142578e+00
3.337527751922607422e+00,5.222396850585937500e+00
4.637984752655029297e+00,7.885396957397460938e+00
-1.445386290550231934e+00,1.874573349952697754e+00
1.724828124046325684e+00,5.745860099792480469e+00
-1.411450743675231934e+00,6.251706123352050781e+00
-1.276460647583007812e+00,1.570059895515441895e+00
8.700557708740234375e+00,4.408373832702636719e+00
1.223496532440185547e+01,6.853165149688720703e+00
3.151877403259277344e+00,6.093236923217773438e+00
-1.105171203613281250e+00,3.625931262969970703e+00
2.062526702880859375e+00,8.163224220275878906e+00
9.434651374816894531e+00,9.229001998901367188e+00
1.597159624099731445e+00,4.410191059112548828e+00
1.968628406524658203e+00,5.476214885711669922e+00
8.551285743713378906e+00,3.214799642562866211e+00
-4.907179832458496094e+00,2.768093347549438477e-01
1.903710961341857910e+00,5.554451942443847656e+00
1.147519969940185547e+01,2.523256301879882812e+00
-5.144533634185791016e+00,2.674403786659240723e-01
6.565485477447509766e+00,8.164582252502441406e+00
9.815931320190429688e+00,8.622639656066894531e+00
1.418574142456054688e+01,8.270239830017089844e+00
1.197186279296875000e+01,3.465388774871826172e+00
1.230042552947998047e+01,2.646622896194458008e+00
9.320048332214355469e+00,9.975206375122070312e+00
6.176168441772460938e+00,5.033082962036132812e+00
1.249130439758300781e+01,3.088120698928833008e+00
1.372679233551025391e+01,6.823598861694335938e+00
-9.326821565628051758e-01,1.023938298225402832e+00
8.340351104736328125e+00,3.273293018341064453e+00
1.346499633789062500e+01,8.078650474548339844e+00
1.254810523986816406e+01,3.366939067840576172e+00
-3.484880924224853516e+00,1.455705285072326660e+00
-1.355365961790084839e-01,4.210713386535644531e+00
9.559260368347167969e+00,9.377749443054199219e+00
4.591103553771972656e+00,9.242393493652343750e+00
1.350816488265991211e+00,4.699029922485351562e+00
-4.932590484619140625e+00,8.257014751434326172e-01
-1.676653981208801270e+00,-2.430842369794845581e-01
1.049198436737060547e+01,7.518951892852783203e+00
9.139284133911132812e+00,2.941998720169067383e+00
2.993817329406738281e+00,8.884881019592285156e+00
4.847047328948974609e+00,6.263309955596923828e+00
7.894530296325683594e+00,9.761699676513671875e+00
-2.833879470825195312e+00,2.875683546066284180e+00
1.301804447174072266e+01,6.458220481872558594e+00
1.061353302001953125e+01,9.827752113342285156e+00
3.067303001880645752e-01,2.737577915191650391e+00
9.623718261718750000e+00,3.252087116241455078e+00
-4.643026828765869141e+00,1.918255686759948730e+00
-1.912125587463378906e+00,6.412132740020751953e+00
1.012400817871093750e+01,8.905746459960937500e+00
9.807895660400390625e+00,8.792792320251464844e+00
4.896561145782470703e+00,9.888009071350097656e+00
6.654547214508056641e+00,5.028404235839843750e+00
1.195398712158203125e+01,7.398367404937744141e+00
1.388677406311035156e+01,7.863323688507080078e+00
7.251842617988586426e-01,4.594435214996337891e+00
-2.686753749847412109e+00,2.915104627609252930e+00
9.724545478820800781e+00,2.725144386291503906e+00
4.319191455841064453e+00,8.125167846679687500e+00
1.200152492523193359e+01,6.000879764556884766e+00
1.111071228981018066e+00,6.394332408905029297e+00
1.206912136077880859e+01,2.467446088790893555e+00
-2.363905668258666992e+00,-7.237408757209777832e-01
-2.128311634063720703e+00,-7.050594687461853027e-01
4.855695247650146484e+00,7.745885848999023438e+00
8.880484580993652344e+00,2.960239887237548828e+00
-4.944738864898681641e+00,9.176860451698303223e-01
1.217938995361328125e+01,5.929780960083007812e+00
3.118337154388427734e+00,8.882446289062500000e+00
-2.977824926376342773e+00,5.043736934661865234e+00
-4.515963077545166016e+00,1.949792981147766113e+00
-1.669716089963912964e-01,4.242466449737548828e+00
-5.136116504669189453e+00,2.417410165071487427e-01
6.397240161895751953e+00,4.916613578796386719e+00
1.188901519775390625e+01,7.331810951232910156e+00
-2.721170186996459961e+00,5.293208122253417969e+00
-4.486376285552978516e+00,4.537061452865600586e-01
1.106446552276611328e+01,2.443933010101318359e+00
1.317507266998291016e+01,5.960577487945556641e+00
1.362037372589111328e+01,7.742675781250000000e+00
4.804074287414550781e+00,9.997941017150878906e+00
1.274521827697753906e+01,6.797999382019042969e+00
1.165736007690429688e+01,2.484091043472290039e+00
1.858680546283721924e-01,2.503279447555541992e+00
4.142221450805664062e+00,4.870281696319580078e+00
-4.842359066009521484e+00,6.251927614212036133e-01
-2.004982471466064453e+00,1.699453890323638916e-01
-2.269691944122314453e+00,1.605420351028442383e+00
-3.009138703346252441e-01,4.209658145904541016e+00
-4.038119316101074219e+00,2.015228271484375000e+00
-2.298360586166381836e+00,-6.465868353843688965e-01
1.110777568817138672e+01,7.857894897460937500e+00
5.391638755798339844e+00,5.306187629699707031e+00
5.024725437164306641e+00,6.598329067230224609e+00
3.127692043781280518e-01,2.776889085769653320e+00
-1.063643574714660645e+00,1.336096286773681641e+00
8.548874855041503906e+00,4.334805965423583984e+00
-2.992284297943115234e+00,4.902350902557373047e+00
7.745716571807861328e-01,4.046157360076904297e+00
-2.873910427093505859e+00,2.816498279571533203e+00
